{
    "sceneName": "sandbox.json",
    "selectedEntity": 0,
    "selectedLight": 0,
    "camera": {
        "position": {
            "x": 1.3340826034545899,
            "y": 79.02128601074219,
            "z": -174.6127166748047
        },
        "orientation": {
            "x": 0.16975660622119904,
            "y": -0.013516901060938836,
            "z": -0.010680658742785454,
            "w": 0.9854994416236877
        },
        "up": {
            "x": 0.016462400555610658,
            "y": 0.9421372413635254,
            "z": 0.3348788022994995
        }
    }
}